year,dsc_staff_fte,contributed_staff_fte,student_avg_monthly,scheduling_system,note
2017,,,,Calendly,
2018,3.0,0.1,3.0,Calendly,
2019,3.0,0.5,2.1,Calendly,
2020,4.4,0.5,1.0,Calendly,
2021,5.0,0.5,2.4,Calendly,
2022,5.0,0.7,5.2,Calendly,
2023,5.0,0.7,7.7,Calendly,
2024,4.6,0.6,7.0,Calendly to mid-year; none after,Scheduling system lapsed mid-2024
2025,4.0,0.1,3.7,None until May; LibCal from May,Student hiring under campus review Jul-Oct 2025
2026,4.0,0.0,5.0,LibCal,Partial year (through Jul)
