dataset_doi,link_status,pub_types,paper_ids,in_openalex,export_date
10.25346/S6/B0LI8P,linked,isbn,,False,2026-03-09
10.25346/S6/NI2QFL,linked,doi,10.1029/2019JB018893,True,2026-03-09
10.25346/S6/88MACV,linked,isbn,,False,2026-03-09
10.25346/S6/HCECPO,linked,isbn,,False,2026-03-09
10.25346/S6/LRV0ES,no_publication_field,,,,2026-03-09
10.25346/S6/SB6KFF,linked,isbn,,False,2026-03-09
10.25346/S6/PULTIP,linked,isbn,,False,2026-03-09
10.25346/S6/5LGMZJ,linked,isbn,,False,2026-03-09
10.25346/S6/QU8FG5,linked,isbn,,False,2026-03-09
10.25346/S6/FHJGQQ,linked,isbn,,False,2026-03-09
10.25346/S6/F24EJT,linked,isbn,,False,2026-03-09
10.25346/S6/OOUCAQ,linked,isbn,,False,2026-03-09
10.25346/S6/38YEKN,linked,isbn,,False,2026-03-09
10.25346/S6/EKGCOC,linked,isbn,,False,2026-03-09
10.25346/S6/RGLDEM,linked,isbn,,False,2026-03-09
10.25346/S6/SP5RNY,linked,isbn,,False,2026-03-09
10.25346/S6/2Z9CAB,linked,isbn,,False,2026-03-09
10.25346/S6/7UTGQH,no_publication_field,,,,2026-03-09
10.25346/S6/YAD2PC,linked,isbn,,False,2026-03-09
10.25346/S6/LDKBDA,linked,isbn,,False,2026-03-09
10.25346/S6/UI7KJP,linked,isbn,,False,2026-03-09
10.25346/S6/AW8EYY,linked,isbn,,False,2026-03-09
10.25346/S6/QRIJRW,linked,isbn,,False,2026-03-09
10.25346/S6/9VWVKW,linked,isbn,,False,2026-03-09
10.25346/S6/BFIWGF,linked,isbn,,False,2026-03-09
10.25346/S6/PIE2HJ,linked,isbn,,False,2026-03-09
10.25346/S6/LUZ8UF,linked,isbn,,False,2026-03-09
10.25346/S6/6EEJAH,linked,isbn,,False,2026-03-09
10.25346/S6/S8POSL,linked,isbn,,False,2026-03-09
10.25346/S6/UYSVUY,no_publication_field,,,,2026-03-09
10.25346/S6/WA4MJL,no_publication_field,,,,2026-03-09
10.25346/S6/XTWV0S,linked,isbn,,False,2026-03-09
10.25346/S6/ID8MEG,no_publication_field,,,,2026-03-09
10.25346/S6/3RRQ6I,linked,isbn,,False,2026-03-09
10.25346/S6/HQGBLU,no_publication_field,,,,2026-03-09
10.25346/S6/YU2IW3,linked,isbn,,False,2026-03-09
10.25346/S6/YEW3A1,linked,isbn,,False,2026-03-09
10.25346/S6/IN2TVK,linked,isbn,,False,2026-03-09
10.25346/S6/2MC4O1,linked,isbn,,False,2026-03-09
10.25346/S6/FPOGG4,linked,isbn,,False,2026-03-09
10.25346/S6/IZBUQF,linked,isbn,,False,2026-03-09
10.25346/S6/CGATS3,linked,isbn,,False,2026-03-09
10.25346/S6/PE6WU5,linked,isbn,,False,2026-03-09
10.25346/S6/3FWDWE,linked,isbn,,False,2026-03-09
10.25346/S6/UJOJHE,no_publication_field,,,,2026-03-09
10.25346/S6/9P0FNF,linked,isbn,,False,2026-03-09
10.25346/S6/1WMHC9,linked,isbn,,False,2026-03-09
10.25346/S6/IMN75V,linked,isbn,,False,2026-03-09
10.25346/S6/QLYFZO,linked,isbn,,False,2026-03-09
10.25346/S6/LLBSD6,linked,isbn,,False,2026-03-09
10.25346/S6/RNZ1W0,linked,isbn,,False,2026-03-09
10.25346/S6/XDTFVW,linked,isbn,,False,2026-03-09
10.25346/S6/32LBDJ,linked,isbn,,False,2026-03-09
10.25346/S6/6WJBRK,linked,isbn,,False,2026-03-09
10.25346/S6/HL3FSK,linked,isbn,,False,2026-03-09
10.25346/S6/R9ITVR,linked,isbn,,False,2026-03-09
10.25346/S6/3ALZVR,linked,isbn,,False,2026-03-09
10.25346/S6/EEFYIP,no_publication_field,,,,2026-03-09
10.25346/S6/MSSC65,no_publication_field,,,,2026-03-09
10.25346/S6/WDRBKE,linked,doi,10.1149/1945-7111/ab6ee8,True,2026-03-09
10.25346/S6/8ULQBJ,linked,isbn,,False,2026-03-09
10.25346/S6/YDGENR,linked,isbn,,False,2026-03-09
10.25346/S6/WFC3KG,no_publication_field,,,,2026-03-09
10.25346/S6/ZR9FRC,no_publication_field,,,,2026-03-09
10.25346/S6/VTFXSX,no_publication_field,,,,2026-03-09
10.25346/S6/GUKC75,linked,isbn,,False,2026-03-09
10.25346/S6/7JSO1V,linked,isbn,,False,2026-03-09
10.25346/S6/Q05CCQ,linked,isbn,,False,2026-03-09
10.25346/S6/9PSYUU,linked,doi,10.3847/1538-4357/aa67e6,True,2026-03-09
10.25346/S6/IOQWOX,linked,isbn,,False,2026-03-09
10.25346/S6/BZCNZ7,linked,isbn,,False,2026-03-09
10.25346/S6/N4W2WY,linked,isbn,,False,2026-03-09
10.25346/S6/JMH7UY,linked,isbn,,False,2026-03-09
10.25346/S6/JYGXZI,linked,isbn,,False,2026-03-09
10.25346/S6/I9ELTO,linked,isbn,,False,2026-03-09
10.25346/S6/VNLFFE,linked,isbn,,False,2026-03-09
10.25346/S6/TBBDFA,linked,isbn,,False,2026-03-09
10.25346/S6/YT63X4,linked,isbn,,False,2026-03-09
10.25346/S6/PALXSM,no_publication_field,,,,2026-03-09
10.25346/S6/KCYH75,linked,isbn,,False,2026-03-09
10.25346/S6/GQBYJZ,linked,isbn,,False,2026-03-09
10.25346/S6/0BCHCS,linked,isbn,,False,2026-03-09
10.25346/S6/ABWWAF,linked,isbn,,False,2026-03-09
10.25346/S6/DWM3US,linked,isbn,,False,2026-03-09
10.25346/S6/ZEPXWJ,linked,isbn,,False,2026-03-09
10.25346/S6/ZL2YRL,linked,isbn,,False,2026-03-09
10.25346/S6/ISAJWO,linked,isbn,,False,2026-03-09
10.25346/S6/V6VDXP,linked,isbn,,False,2026-03-09
10.25346/S6/OICJBJ,linked,isbn,,False,2026-03-09
10.25346/S6/CWQ5ET,linked,isbn,,False,2026-03-09
10.25346/S6/QBBRDP,linked,isbn,,False,2026-03-09
10.25346/S6/TVP6Q5,no_publication_field,,,,2026-03-09
10.25346/S6/NLFE8L,no_publication_field,,,,2026-03-09
10.25346/S6/BLIEHL,no_publication_field,,,,2026-03-09
10.25346/S6/LGEGOS,linked,isbn,,False,2026-03-09
10.25346/S6/BSQ8W7,linked,isbn,,False,2026-03-09
10.25346/S6/VBGULU,linked,isbn,,False,2026-03-09
10.25346/S6/T7CETN,linked,isbn,,False,2026-03-09
10.25346/S6/MPTFZ0,linked,isbn,,False,2026-03-09
10.25346/S6/SC503L,linked,isbn,,False,2026-03-09
10.25346/S6/UPAOFO,linked,isbn,,False,2026-03-09
10.25346/S6/QAQRXW,linked,isbn,,False,2026-03-09
10.25346/S6/8T68GO,linked,isbn,,False,2026-03-09
10.25346/S6/LXHDMJ,no_publication_field,,,,2026-03-09
10.25346/S6/VAIJTU,linked,isbn,,False,2026-03-09
10.25346/S6/HNLKXD,linked,isbn,,False,2026-03-09
10.25346/S6/N3XTZB,no_publication_field,,,,2026-03-09
10.25346/S6/IAEICJ,linked,isbn,,False,2026-03-09
10.25346/S6/6UO4WU,linked,isbn,,False,2026-03-09
10.25346/S6/TYVJZH,linked,isbn,,False,2026-03-09
10.25346/S6/IR5YCK,linked,isbn,,False,2026-03-09
10.25346/S6/QT89AC,linked,isbn,,False,2026-03-09
10.25346/S6/18O7IY,linked,isbn,,False,2026-03-09
10.25346/S6/CU7XQA,linked,isbn,,False,2026-03-09
10.25346/S6/LLROMT,linked,isbn,,False,2026-03-09
10.25346/S6/2USHR6,linked,isbn,,False,2026-03-09
10.25346/S6/JITAIY,linked,isbn,,False,2026-03-09
10.25346/S6/COE9EH,linked,isbn,,False,2026-03-09
10.25346/S6/C3TRD7,linked,isbn,,False,2026-03-09
10.25346/S6/DE95RT,no_publication_field,,,,2026-03-09
10.25346/S6/KEBT2O,no_publication_field,,,,2026-03-09
10.25346/S6/ZJKUAC,no_publication_field,,,,2026-03-09
10.25346/S6/WFJ7UC,no_publication_field,,,,2026-03-09
10.25346/S6/YNRV5G,no_publication_field,,,,2026-03-09
10.25346/S6/UXR2HJ,linked,isbn,,False,2026-03-09
10.25346/S6/WCGZ4A,linked,isbn,,False,2026-03-09
10.25346/S6/7XQ7GP,linked,isbn,,False,2026-03-09
10.25346/S6/0DUN8P,linked,isbn,,False,2026-03-09
10.25346/S6/AZEFZR,linked,isbn,,False,2026-03-09
10.25346/S6/TNFGQL,linked,isbn,,False,2026-03-09
10.25346/S6/FGTGUG,linked,isbn,,False,2026-03-09
10.25346/S6/U4OU6H,linked,isbn,,False,2026-03-09
10.25346/S6/5PXHHF,linked,isbn,,False,2026-03-09
10.25346/S6/KJZUOL,linked,isbn,,False,2026-03-09
10.25346/S6/6ISN9I,linked,isbn,,False,2026-03-09
10.25346/S6/F8JNO3,linked,isbn,,False,2026-03-09
10.25346/S6/NZG76J,linked,isbn,,False,2026-03-09
10.25346/S6/I8YUJY,no_publication_field,,,,2026-03-09
10.25346/S6/LOZHYJ,no_publication_field,,,,2026-03-09
10.25346/S6/LFS4H9,linked,doi,10.15184/aqy.2021.19,True,2026-03-09
10.25346/S6/8GK7OO,linked,isbn,,False,2026-03-09
10.25346/S6/N3RVLC,linked,doi,10.15184/aqy.2021.19,True,2026-03-09
10.25346/S6/HY1DNT,no_publication_field,,,,2026-03-09
10.25346/S6/IMXOOK,no_publication_field,,,,2026-03-09
10.25346/S6/QSIOG1,no_publication_field,,,,2026-03-09
10.25346/S6/AZMA0V,linked,isbn,,False,2026-03-09
10.25346/S6/3G3RL2,no_publication_field,,,,2026-03-09
10.25346/S6/Q2R5M0,no_publication_field,,,,2026-03-09
10.25346/S6/FEXJOU,no_publication_field,,,,2026-03-09
10.25346/S6/9BIIIH,no_publication_field,,,,2026-03-09
10.25346/S6/4OSPZR,linked,isbn,,False,2026-03-09
10.25346/S6/6VHDXS,no_publication_field,,,,2026-03-09
10.25346/S6/JBWIXY,no_publication_field,,,,2026-03-09
10.25346/S6/FS9TDL,no_publication_field,,,,2026-03-09
10.25346/S6/AU1IZ2,no_publication_field,,,,2026-03-09
10.25346/S6/3PVHFI,no_publication_field,,,,2026-03-09
10.25346/S6/F3YFAS,no_publication_field,,,,2026-03-09
10.25346/S6/J5HQNS,no_publication_field,,,,2026-03-09
10.25346/S6/2KUD7N,no_publication_field,,,,2026-03-09
10.25346/S6/FJ7YU7,no_publication_field,,,,2026-03-09
10.25346/S6/OVJUW8,no_publication_field,,,,2026-03-09
10.25346/S6/EB4ULL,no_publication_field,,,,2026-03-09
10.25346/S6/FMXRS4,no_publication_field,,,,2026-03-09
10.25346/S6/AKZA0X,no_publication_field,,,,2026-03-09
10.25346/S6/UMGDRS,no_publication_field,,,,2026-03-09
10.25346/S6/XMSTGI,no_publication_field,,,,2026-03-09
10.25346/S6/HCSJIN,no_publication_field,,,,2026-03-09
10.25346/S6/NAUEAN,no_publication_field,,,,2026-03-09
10.25346/S6/RMZZ0I,no_publication_field,,,,2026-03-09
10.25346/S6/1B33FN,linked,isbn,,False,2026-03-09
10.25346/S6/4UTX25,no_publication_field,,,,2026-03-09
10.25346/S6/B5GOLX,no_publication_field,,,,2026-03-09
10.25346/S6/ZD8WTW,no_publication_field,,,,2026-03-09
10.25346/S6/GOJ60A,no_publication_field,,,,2026-03-09
10.25346/S6/VPT8DB,no_publication_field,,,,2026-03-09
10.25346/S6/TWZXSO,no_publication_field,,,,2026-03-09
10.25346/S6/ACFM1U,no_publication_field,,,,2026-03-09
10.25346/S6/ZGCT7K,no_publication_field,,,,2026-03-09
10.25346/S6/VIDNKU,no_publication_field,,,,2026-03-09
10.25346/S6/KZKMWA,no_publication_field,,,,2026-03-09
10.25346/S6/SRPHPT,no_publication_field,,,,2026-03-09
10.25346/S6/N6ZNY5,no_publication_field,,,,2026-03-09
10.25346/S6/NOLLWC,no_publication_field,,,,2026-03-09
10.25346/S6/ENS1EA,no_publication_field,,,,2026-03-09
10.25346/S6/0MZTSA,no_publication_field,,,,2026-03-09
10.25346/S6/DYA9EO,no_publication_field,,,,2026-03-09
10.25346/S6/FWKMWL,no_publication_field,,,,2026-03-09
10.25346/S6/IHQMVY,no_publication_field,,,,2026-03-09
10.25346/S6/JEGFZ4,no_publication_field,,,,2026-03-09
10.25346/S6/1GAVDI,no_publication_field,,,,2026-03-09
10.25346/S6/UNFGTY,no_publication_field,,,,2026-03-09
10.25346/S6/YJROSQ,no_publication_field,,,,2026-03-09
10.25346/S6/SBMD53,no_publication_field,,,,2026-03-09
10.25346/S6/Q5D6CW,no_publication_field,,,,2026-03-09
10.25346/S6/0AZ1HY,no_publication_field,,,,2026-03-09
10.25346/S6/4JD9KR,no_publication_field,,,,2026-03-09
10.25346/S6/GOQGUP,no_publication_field,,,,2026-03-09
10.25346/S6/VYYD2E,no_publication_field,,,,2026-03-09
10.25346/S6/YPSXEG,no_publication_field,,,,2026-03-09
10.25346/S6/I6EGIB,no_publication_field,,,,2026-03-09
10.25346/S6/KFN7UD,no_publication_field,,,,2026-03-09
10.25346/S6/DX1E22,no_publication_field,,,,2026-03-09
10.25346/S6/LFAVXU,no_publication_field,,,,2026-03-09
10.25346/S6/COVSJZ,no_publication_field,,,,2026-03-09
10.25346/S6/AOYYT6,linked,isbn,,False,2026-03-09
10.25346/S6/X5XI7F,linked,isbn,,False,2026-03-09
10.25346/S6/SLP8OS,linked,isbn,,False,2026-03-09
10.25346/S6/9LD0ZY,linked,isbn,,False,2026-03-09
10.25346/S6/AGIPTI,linked,isbn,,False,2026-03-09
10.25346/S6/VTAT0D,linked,isbn,,False,2026-03-09
10.25346/S6/OOTNPS,linked,isbn,,False,2026-03-09
10.25346/S6/CUQX46,linked,isbn,,False,2026-03-09
10.25346/S6/DJYV9W,no_publication_field,,,,2026-03-09
10.25346/S6/RANIGB,linked,isbn,,False,2026-03-09
10.25346/S6/3TDEVJ,linked,isbn,,False,2026-03-09
10.25346/S6/LCGG8Q,linked,isbn,,False,2026-03-09
10.25346/S6/KEXTI9,linked,isbn,,False,2026-03-09
10.25346/S6/5OYU8Y,no_publication_field,,,,2026-03-09
10.25346/S6/HRQDKY,no_publication_field,,,,2026-03-09
10.25346/S6/PSJG8V,no_publication_field,,,,2026-03-09
10.25346/S6/D5QPUA,no_publication_field,,,,2026-03-09
10.25346/S6/6WMNQU,no_publication_field,,,,2026-03-09
10.25346/S6/6I8JL1,no_publication_field,,,,2026-03-09
10.25346/S6/C6CSOZ,no_publication_field,,,,2026-03-09
10.25346/S6/QSRQED,no_publication_field,,,,2026-03-09
10.25346/S6/N3CMHL,no_publication_field,,,,2026-03-09
10.25346/S6/A59TED,no_publication_field,,,,2026-03-09
10.25346/S6/SLQGVM,no_publication_field,,,,2026-03-09
10.25346/S6/P0WOZR,no_publication_field,,,,2026-03-09
10.25346/S6/5O4LGA,no_publication_field,,,,2026-03-09
10.25346/S6/8DCOWV,no_publication_field,,,,2026-03-09
10.25346/S6/O1ZAZH,linked,doi,10.1029/2021SW002774,True,2026-03-09
10.25346/S6/CEOAUX,no_publication_field,,,,2026-03-09
10.25346/S6/YQQ17B,no_publication_field,,,,2026-03-09
10.25346/S6/NQTK6L,linked,isbn,,False,2026-03-09
10.25346/S6/H4VH7E,no_publication_field,,,,2026-03-09
10.25346/S6/XO8E8A,no_publication_field,,,,2026-03-09
10.25346/S6/YIWAG5,no_publication_field,,,,2026-03-09
10.25346/S6/KMIJT4,no_publication_field,,,,2026-03-09
10.25346/S6/JOOUYM,no_publication_field,,,,2026-03-09
10.25346/S6/WGRIRC,no_publication_field,,,,2026-03-09
10.25346/S6/RTO7DJ,no_publication_field,,,,2026-03-09
10.25346/S6/CQAPOS,no_publication_field,,,,2026-03-09
10.25346/S6/IHQRO3,no_publication_field,,,,2026-03-09
10.25346/S6/CQP9FE,no_publication_field,,,,2026-03-09
10.25346/S6/NNGECQ,no_publication_field,,,,2026-03-09
10.25346/S6/UOD7EE,no_publication_field,,,,2026-03-09
10.25346/S6/BWEIVF,linked,isbn,,False,2026-03-09
10.25346/S6/UKMYLD,no_publication_field,,,,2026-03-09
10.25346/S6/XS2AQD,no_publication_field,,,,2026-03-09
10.25346/S6/63QLUY,no_publication_field,,,,2026-03-09
10.25346/S6/YWUXPD,no_publication_field,,,,2026-03-09
10.25346/S6/IL2VVQ,no_publication_field,,,,2026-03-09
10.25346/S6/YLXABH,no_publication_field,,,,2026-03-09
10.25346/S6/L2E9IK,linked,doi,10.1017/aaq.2024.24,True,2026-03-09
10.25346/S6/FS5FOQ,linked,doi,10.1017/aaq.2024.24,True,2026-03-09
10.25346/S6/I1EBKJ,linked,doi,10.1017/aaq.2024.24,True,2026-03-09
10.25346/S6/HFZYYX,linked,doi,10.1017/aaq.2024.24,True,2026-03-09
10.25346/S6/BO6GBC,linked,doi,10.1017/aaq.2024.24,True,2026-03-09
10.25346/S6/XJHFYD,no_publication_field,,,,2026-03-09
10.25346/S6/YLECJN,linked,doi,10.1017/aaq.2024.24,True,2026-03-09
10.25346/S6/NQRX4Z,no_publication_field,,,,2026-03-09
10.25346/S6/5NAT1D,linked,isbn,,False,2026-03-09
10.25346/S6/2PYZIP,linked,isbn,,False,2026-03-09
10.25346/S6/UHQBNA,no_publication_field,,,,2026-03-09
10.25346/S6/BGDJX2,linked,isbn,,False,2026-03-09
10.25346/S6/BSIDAA,no_publication_field,,,,2026-03-09
10.25346/S6/UEPJMA,no_publication_field,,,,2026-03-09
10.25346/S6/CKD1DS,no_publication_field,,,,2026-03-09
10.25346/S6/R6FH5R,no_publication_field,,,,2026-03-09
10.25346/S6/7HGUO3,no_publication_field,,,,2026-03-09
10.25346/S6/CXO9PD,no_publication_field,,,,2026-03-09
10.25346/S6/VJAPJG,no_publication_field,,,,2026-03-09
10.25346/S6/QWNOGO,no_publication_field,,,,2026-03-09
10.25346/S6/TBGGID,no_publication_field,,,,2026-03-09
10.25346/S6/U3TALM,no_publication_field,,,,2026-03-09
10.25346/S6/GCWYHP,no_publication_field,,,,2026-03-09
10.25346/S6/9ORFTQ,no_publication_field,,,,2026-03-09
10.25346/S6/OBHVMJ,no_publication_field,,,,2026-03-09
10.25346/S6/1RKWAT,no_publication_field,,,,2026-03-09
10.25346/S6/PL5KYA,no_publication_field,,,,2026-03-09
10.25346/S6/AS5DZ1,linked,isbn,,False,2026-03-09
10.25346/S6/MNEADD,no_publication_field,,,,2026-03-09
10.25346/S6/ROUCPY,linked,isbn,,False,2026-03-09
10.25346/S6/CYFVLB,no_publication_field,,,,2026-03-09
10.25346/S6/WFBQZT,linked,isbn,,False,2026-03-09
10.25346/S6/OFEXKT,no_publication_field,,,,2026-03-09
10.25346/S6/STY5J1,linked,isbn,,False,2026-03-09
10.25346/S6/CCTFAS,linked,isbn,,False,2026-03-09
10.25346/S6/XP6OSO,linked,isbn,,False,2026-03-09
10.25346/S6/MEENPX,linked,isbn,,False,2026-03-09
10.25346/S6/0FTEZH,no_publication_field,,,,2026-03-09
10.25346/S6/WAZVMZ,linked,isbn,,False,2026-03-09
10.25346/S6/HV4WZJ,linked,isbn,,False,2026-03-09
10.25346/S6/UYDZLO,linked,isbn,,False,2026-03-09
10.25346/S6/RLGBE1,linked,isbn,,False,2026-03-09
10.25346/S6/IJ7MG9,linked,isbn,,False,2026-03-09
10.25346/S6/RNUQPN,linked,isbn,,False,2026-03-09
10.25346/S6/WF76DI,linked,isbn,,False,2026-03-09
10.25346/S6/VUJ2K4,linked,isbn,,False,2026-03-09
10.25346/S6/TYTRQR,linked,isbn,,False,2026-03-09
10.25346/S6/ZTWCK6,linked,isbn,,False,2026-03-09
10.25346/S6/J4SWYR,linked,isbn,,False,2026-03-09
10.25346/S6/EPRKBD,linked,isbn,,False,2026-03-09
10.25346/S6/JN7GRL,linked,isbn,,False,2026-03-09
10.25346/S6/S0V2FO,linked,isbn,,False,2026-03-09
10.25346/S6/B7CDIJ,linked,isbn,,False,2026-03-09
10.25346/S6/MRPSG4,linked,isbn,,False,2026-03-09
10.25346/S6/TUMDNE,linked,isbn,,False,2026-03-09
10.25346/S6/LCSQ65,linked,isbn,,False,2026-03-09
10.25346/S6/EWUCCI,linked,isbn,,False,2026-03-09
10.25346/S6/FVWWDJ,no_publication_field,,,,2026-03-09
10.25346/S6/XKBJNA,no_publication_field,,,,2026-03-09
10.25346/S6/JYWFSW,linked,isbn,,False,2026-03-09
10.25346/S6/7YBSJK,no_publication_field,,,,2026-03-09
10.25346/S6/J8VLAJ,no_publication_field,,,,2026-03-09
10.25346/S6/SDAVQ9,no_publication_field,,,,2026-03-09
10.25346/S6/Z36KRR,no_publication_field,,,,2026-03-09
10.25346/S6/I4MAUU,no_publication_field,,,,2026-03-09
10.25346/S6/Z7J0RC,no_publication_field,,,,2026-03-09
10.25346/S6/0Z0BVE,no_publication_field,,,,2026-03-09
10.25346/S6/BKFVKM,no_publication_field,,,,2026-03-09
10.25346/S6/GN2MDM,no_publication_field,,,,2026-03-09
10.25346/S6/Y4F9LJ,linked,doi,10.34948/N36P48,False,2026-03-09
10.25346/S6/QVPH29,no_publication_field,,,,2026-03-09
10.25346/S6/FENPZP,no_publication_field,,,,2026-03-09
10.25346/S6/QQCFKY,no_publication_field,,,,2026-03-09
10.25346/S6/EHMB3O,no_publication_field,,,,2026-03-09
10.25346/S6/VODY5G,no_publication_field,,,,2026-03-09
10.25346/S6/IV5YPW,no_publication_field,,,,2026-03-09
10.25346/S6/EVWWLG,no_publication_field,,,,2026-03-09
10.25346/S6/UKL1KC,no_publication_field,,,,2026-03-09
10.25346/S6/SXMNDW,no_publication_field,,,,2026-03-09
10.25346/S6/GKSJCU,no_publication_field,,,,2026-03-09
10.25346/S6/U9WFPD,linked,doi,10.1029/2020JA028707,True,2026-03-09
10.25346/S6/VNSKRP,no_publication_field,,,,2026-03-09
10.25346/S6/EBZCAD,linked,doi,https://doi.org/10.1029/2024GL112061,False,2026-03-09
10.25346/S6/VUOV3C,no_publication_field,,,,2026-03-09
10.25346/S6/KQEJON,no_publication_field,,,,2026-03-09
10.25346/S6/IAXY3G,no_publication_field,,,,2026-03-09
10.25346/S6/ENLMWL,linked,pmid,35047847,True,2026-03-09
10.25346/S6/R3JVO2,linked,pmid,31562185,True,2026-03-09
10.25346/S6/GJ74AR,no_publication_field,,,,2026-03-09
10.25346/S6/B5LBFD,no_publication_field,,,,2026-03-09
10.25346/S6/FHKLVZ,no_publication_field,,,,2026-03-09
10.25346/S6/ZEHPJ0,no_publication_field,,,,2026-03-09
10.25346/S6CEYIU0,no_publication_field,,,,2026-03-09
10.25346/S6/B05T1T,linked,doi,10.1029/2021GL097620,True,2026-03-09
10.25346/S6/TQT2ZP,no_publication_field,,,,2026-03-09
10.25346/S6R7CHCI,no_publication_field,,,,2026-03-09
10.25346/S6/EZYHS4,no_publication_field,,,,2026-03-09
10.25346/S6/IFQMKH,linked,isbn,,False,2026-03-09
10.25346/S65RWE6N,no_publication_field,,,,2026-03-09
10.25346/S627C42Q,no_publication_field,,,,2026-03-09
10.25346/S6ACNIG3,no_publication_field,,,,2026-03-09
10.25346/S6EKOHES,no_publication_field,,,,2026-03-09
10.25346/S6Q2RK6R,no_publication_field,,,,2026-03-09
10.25346/S6EANRLV,no_publication_field,,,,2026-03-09
10.25346/S6PNKJPC,no_publication_field,,,,2026-03-09
10.25346/S6/SLC2DG,no_publication_field,,,,2026-03-09
10.25346/S6/YO15ON,no_publication_field,,,,2026-03-09
10.25346/S6/SF4AFW,no_publication_field,,,,2026-03-09
10.25346/S6/B89KXF,no_publication_field,,,,2026-03-09
10.25346/S6/SJGRKY,no_publication_field,,,,2026-03-09
10.25346/S6/MQRHJE,no_publication_field,,,,2026-03-09
10.25346/S6/PSP5N0,no_publication_field,,,,2026-03-09
10.25346/S6IACFGH,no_publication_field,,,,2026-03-09
10.25346/S6/FFD4YD,no_publication_field,,,,2026-03-09
10.25346/S6P8EMQJ,no_publication_field,,,,2026-03-09
10.25346/S6IQQ5ZZ,linked,doi,10.1103/qc7s-scbk,True,2026-03-09
10.25346/S6GLLDTH,no_publication_field,,,,2026-03-09
10.25346/S6/TA1CUP,no_publication_field,,,,2026-03-09
10.25346/S6JN5WII,no_publication_field,,,,2026-03-09
10.25346/S6/EABYOD,no_publication_field,,,,2026-03-09
10.25346/S6/LEKHRZ,no_publication_field,,,,2026-03-09
10.25346/S6/E3NVW2,no_publication_field,,,,2026-03-09
10.25346/S6/ZSW7UN,no_publication_field,,,,2026-03-09
10.7910/DVN/9KLJZN,restricted_or_error,,,,2026-03-09
10.7910/DVN/21GWTA,restricted_or_error,,,,2026-03-09
10.7910/DVN/6WHGHW,restricted_or_error,,,,2026-03-09
10.7910/DVN/QNSTVW,restricted_or_error,,,,2026-03-09
10.7910/DVN/TWNDDB,restricted_or_error,,,,2026-03-09
10.7910/DVN/TKOU5T,restricted_or_error,,,,2026-03-09
10.7910/DVN/WVEIHH,restricted_or_error,,,,2026-03-09
10.7910/DVN/U5FWYL,restricted_or_error,,,,2026-03-09
10.7910/DVN/1OEUEH,restricted_or_error,,,,2026-03-09
10.7910/DVN/1IKEZ3,restricted_or_error,,,,2026-03-09
10.7910/DVN/1A3OYF,restricted_or_error,,,,2026-03-09
10.25346/S6/LVRRAE,linked,doi,10.1109/MILCOM61039.2024.10773837,False,2026-03-09
10.7910/DVN/2II1OD,restricted_or_error,,,,2026-03-09
10.7910/DVN/2GYNM5,restricted_or_error,,,,2026-03-09
10.7910/DVN/2RRNDD,restricted_or_error,,,,2026-03-09
10.7910/DVN/DSQOEX,restricted_or_error,,,,2026-03-09
10.7910/DVN/DVEA2E,restricted_or_error,,,,2026-03-09
10.7910/DVN/DHH1FK,restricted_or_error,,,,2026-03-09
10.7910/DVN/EHTP37,restricted_or_error,,,,2026-03-09
10.7910/DVN/EQBIAJ,restricted_or_error,,,,2026-03-09
10.7910/DVN/EVUAF4,restricted_or_error,,,,2026-03-09
10.7910/DVN/EOGGSO,restricted_or_error,,,,2026-03-09
10.7910/DVN/EVJLZL,restricted_or_error,,,,2026-03-09
10.7910/DVN/ERN2QH,restricted_or_error,,,,2026-03-09
10.7910/DVN/F4HA1C,restricted_or_error,,,,2026-03-09
10.7910/DVN/F8EQSZ,restricted_or_error,,,,2026-03-09
10.7910/DVN/FFMHON,restricted_or_error,,,,2026-03-09
10.7910/DVN/FG2UNN,restricted_or_error,,,,2026-03-09
10.7910/DVN/FHNKUZ,restricted_or_error,,,,2026-03-09
10.7910/DVN/FGIG14,restricted_or_error,,,,2026-03-09
10.7910/DVN/FI9PD2,restricted_or_error,,,,2026-03-09
10.7910/DVN/FWJTJX,restricted_or_error,,,,2026-03-09
10.7910/DVN/FYO1FU,restricted_or_error,,,,2026-03-09
10.7910/DVN/GCVW7M,restricted_or_error,,,,2026-03-09
10.7910/DVN/GENFOW,restricted_or_error,,,,2026-03-09
10.7910/DVN/G5K9LH,restricted_or_error,,,,2026-03-09
10.7910/DVN/GKE1FD,restricted_or_error,,,,2026-03-09
10.7910/DVN/HEOABA,restricted_or_error,,,,2026-03-09
10.25346/S6EECGIX,no_publication_field,,,,2026-03-09
10.7910/DVN/H7QIJT,restricted_or_error,,,,2026-03-09
10.7910/DVN/HMIUTC,restricted_or_error,,,,2026-03-09
10.7910/DVN/HNCZUR,restricted_or_error,,,,2026-03-09
10.7910/DVN/HPSPKG,restricted_or_error,,,,2026-03-09
10.7910/DVN/HOEQ4Y,restricted_or_error,,,,2026-03-09
10.7910/DVN/IAZMJZ,restricted_or_error,,,,2026-03-09
10.7910/DVN/I90JEO,restricted_or_error,,,,2026-03-09
10.7910/DVN/IOGGNA,restricted_or_error,,,,2026-03-09
10.7910/DVN/IFQGXE,restricted_or_error,,,,2026-03-09
10.7910/DVN/IIVFZS,restricted_or_error,,,,2026-03-09
10.7910/DVN/IQRC2I,restricted_or_error,,,,2026-03-09
10.7910/DVN/J6W2PS,restricted_or_error,,,,2026-03-09
10.7910/DVN/IPVXST,restricted_or_error,,,,2026-03-09
10.7910/DVN/KAWP0H,restricted_or_error,,,,2026-03-09
10.7910/DVN/JOX44V,restricted_or_error,,,,2026-03-09
10.7910/DVN/KD08F6,restricted_or_error,,,,2026-03-09
10.7910/DVN/JJEICC,restricted_or_error,,,,2026-03-09
10.7910/DVN/KMWFYY,restricted_or_error,,,,2026-03-09
10.7910/DVN/KIC61Q,restricted_or_error,,,,2026-03-09
10.7910/DVN/KPY6BL,restricted_or_error,,,,2026-03-09
10.7910/DVN/L964CF,restricted_or_error,,,,2026-03-09
10.7910/DVN/LX7PEQ,restricted_or_error,,,,2026-03-09
10.7910/DVN/LCJ9QH,restricted_or_error,,,,2026-03-09
10.7910/DVN/LGXI00,restricted_or_error,,,,2026-03-09
10.7910/DVN/LOEL18,restricted_or_error,,,,2026-03-09
10.7910/DVN/M009,restricted_or_error,,,,2026-03-09
10.7910/DVN/M1371,restricted_or_error,,,,2026-03-09
10.7910/DVN/M1372,restricted_or_error,,,,2026-03-09
10.7910/DVN/MDDLVH,restricted_or_error,,,,2026-03-09
10.7910/DVN/MOWUBE,restricted_or_error,,,,2026-03-09
10.7910/DVN/MOYDXU,restricted_or_error,,,,2026-03-09
10.7910/DVN/MU2XN9,restricted_or_error,,,,2026-03-09
10.7910/DVN/N0IUIU,restricted_or_error,,,,2026-03-09
10.7910/DVN/NHNV5B,restricted_or_error,,,,2026-03-09
10.7910/DVN/NAURCA,restricted_or_error,,,,2026-03-09
10.7910/DVN/NAUB5P,restricted_or_error,,,,2026-03-09
10.7910/DVN/NDGJHZ,restricted_or_error,,,,2026-03-09
10.7910/DVN/OBVW1K,restricted_or_error,,,,2026-03-09
10.7910/DVN/OETROM,restricted_or_error,,,,2026-03-09
10.7910/DVN/OFFLE2,restricted_or_error,,,,2026-03-09
10.7910/DVN/OYC5HP,restricted_or_error,,,,2026-03-09
10.7910/DVN/OPEXGZ,restricted_or_error,,,,2026-03-09
10.7910/DVN/OJQ7P0,restricted_or_error,,,,2026-03-09
10.7910/DVN/PIINFN,restricted_or_error,,,,2026-03-09
10.7910/DVN/PXKFAH,restricted_or_error,,,,2026-03-09
10.7910/DVN/Q0NFBK,restricted_or_error,,,,2026-03-09
10.7910/DVN/RNII6M,restricted_or_error,,,,2026-03-09
10.7910/DVN/RDDKSO,restricted_or_error,,,,2026-03-09
10.7910/DVN/RCIYSX,restricted_or_error,,,,2026-03-09
10.7910/DVN/RZJXVB,restricted_or_error,,,,2026-03-09
10.7910/DVN/S3187O,restricted_or_error,,,,2026-03-09
10.7910/DVN/SCRPXX,restricted_or_error,,,,2026-03-09
10.7910/DVN/TPZXAE,restricted_or_error,,,,2026-03-09
10.7910/DVN/TUPCUI,restricted_or_error,,,,2026-03-09
10.7910/DVN/TZ7FMR,restricted_or_error,,,,2026-03-09
10.7910/DVN/UDB54N,restricted_or_error,,,,2026-03-09
10.7910/DVN/UGSFKR,restricted_or_error,,,,2026-03-09
10.7910/DVN/UKHNTW,restricted_or_error,,,,2026-03-09
10.7910/DVN/UR2TUB,restricted_or_error,,,,2026-03-09
10.7910/DVN/UT2TTU,restricted_or_error,,,,2026-03-09
10.7910/DVN/UVMYYN,restricted_or_error,,,,2026-03-09
10.7910/DVN/VURIVR,restricted_or_error,,,,2026-03-09
10.7910/DVN/VX2NAR,restricted_or_error,,,,2026-03-09
10.7910/DVN/VWOALH,restricted_or_error,,,,2026-03-09
10.7910/DVN/WNEDQL,restricted_or_error,,,,2026-03-09
10.7910/DVN/WTXJKP,restricted_or_error,,,,2026-03-09
10.7910/DVN/WOMOUA,restricted_or_error,,,,2026-03-09
10.7910/DVN/Y8LQMK,restricted_or_error,,,,2026-03-09
10.7910/DVN/Y8DSZW,restricted_or_error,,,,2026-03-09
10.7910/DVN/YPTXPD,restricted_or_error,,,,2026-03-09
10.7910/DVN/Y1U2RA,restricted_or_error,,,,2026-03-09
10.7910/DVN/YLZQKH,restricted_or_error,,,,2026-03-09
10.7910/DVN/YS84SX,restricted_or_error,,,,2026-03-09
10.7910/DVN/ZOMVUT,restricted_or_error,,,,2026-03-09
10.7910/DVN/ZXEFAD,restricted_or_error,,,,2026-03-09
10.7910/DVN/ZCRVFA,restricted_or_error,,,,2026-03-09
10.7910/DVN/0MGZMW,restricted_or_error,,,,2026-03-09
10.7910/DVN/8AHGR7,restricted_or_error,,,,2026-03-09
10.7910/DVN/6V2RER,restricted_or_error,,,,2026-03-09
10.7910/DVN/98TMPI,restricted_or_error,,,,2026-03-09
10.7910/DVN/DBIMSI,restricted_or_error,,,,2026-03-09
10.7910/DVN/C7Z0HI,restricted_or_error,,,,2026-03-09
10.7910/DVN/BWFU4R,restricted_or_error,,,,2026-03-09
10.7910/DVN/HZINHP,restricted_or_error,,,,2026-03-09
10.7910/DVN/IC9WVS,restricted_or_error,,,,2026-03-09
10.7910/DVN/L3K3M4,restricted_or_error,,,,2026-03-09
10.7910/DVN/NHKYS3,restricted_or_error,,,,2026-03-09
10.7910/DVN/NL4F2K,restricted_or_error,,,,2026-03-09
10.7910/DVN/NZQYXO,restricted_or_error,,,,2026-03-09
10.7910/DVN/V0X3IT,restricted_or_error,,,,2026-03-09
10.7910/DVN/UU553V,restricted_or_error,,,,2026-03-09
10.7910/DVN/UDY1SY,restricted_or_error,,,,2026-03-09
10.7910/DVN/ZB60FH,restricted_or_error,,,,2026-03-09
10.7910/DVN/BALEI1,restricted_or_error,,,,2026-03-09
10.7910/DVN/CI0GOK,restricted_or_error,,,,2026-03-09
10.7910/DVN/APOLER,restricted_or_error,,,,2026-03-09
10.7910/DVN/FENDQB,restricted_or_error,,,,2026-03-09
10.7910/DVN/ETNRUE,restricted_or_error,,,,2026-03-09
10.7910/DVN/EOPJYH,restricted_or_error,,,,2026-03-09
10.7910/DVN/HJZQRX,restricted_or_error,,,,2026-03-09
10.7910/DVN/GEZGH8,restricted_or_error,,,,2026-03-09
10.7910/DVN/J7OHOV,restricted_or_error,,,,2026-03-09
10.7910/DVN/IA0YPZ,restricted_or_error,,,,2026-03-09
10.7910/DVN/JG3MYC,restricted_or_error,,,,2026-03-09
10.7910/DVN/JWIEYK,restricted_or_error,,,,2026-03-09
10.7910/DVN/PJWWOC,restricted_or_error,,,,2026-03-09
10.7910/DVN/L4DCEI,restricted_or_error,,,,2026-03-09
10.7910/DVN/RXAHVG,restricted_or_error,,,,2026-03-09
10.7910/DVN/TBF8LE,restricted_or_error,,,,2026-03-09
10.7910/DVN/TEFXHM,restricted_or_error,,,,2026-03-09
10.7910/DVN/TO3UTQ,restricted_or_error,,,,2026-03-09
10.7910/DVN/X6UAN3,restricted_or_error,,,,2026-03-09
10.7910/DVN/W6FOTD,restricted_or_error,,,,2026-03-09
10.7910/DVN/ZBLGLS,restricted_or_error,,,,2026-03-09
10.7910/DVN/ZY965G,restricted_or_error,,,,2026-03-09
10.7910/DVN/0KTV57,restricted_or_error,,,,2026-03-09
10.7910/DVN/0K2LBG,restricted_or_error,,,,2026-03-09
10.7910/DVN/0VYJAZ,restricted_or_error,,,,2026-03-09
10.7910/DVN/54HBZW,restricted_or_error,,,,2026-03-09
10.7910/DVN/4WUEX8,restricted_or_error,,,,2026-03-09
10.25346/S6LQJM3J,restricted_or_error,,,,2026-03-09
10.7910/DVN/4U0G0G,restricted_or_error,,,,2026-03-09
10.7910/DVN/7FE89N,restricted_or_error,,,,2026-03-09
10.7910/DVN/7BVOJE,restricted_or_error,,,,2026-03-09
10.7910/DVN/9RB0WG,restricted_or_error,,,,2026-03-09
10.7910/DVN/AGCSAK,restricted_or_error,,,,2026-03-09
10.7910/DVN/A5SGRT,restricted_or_error,,,,2026-03-09
10.7910/DVN/AP7NQQ,restricted_or_error,,,,2026-03-09
10.7910/DVN/7CUGHC,restricted_or_error,,,,2026-03-09
10.7910/DVN/AOAGII,restricted_or_error,,,,2026-03-09
10.7910/DVN/AHHQXO,restricted_or_error,,,,2026-03-09
10.7910/DVN/BJZEAK,restricted_or_error,,,,2026-03-09
10.7910/DVN/BINWVP,restricted_or_error,,,,2026-03-09
10.7910/DVN/DIIW1Y,restricted_or_error,,,,2026-03-09
10.7910/DVN/CWUOZ0,restricted_or_error,,,,2026-03-09
10.7910/DVN/CAK0JI,restricted_or_error,,,,2026-03-09
10.7910/DVN/B9ALSO,restricted_or_error,,,,2026-03-09
10.7910/DVN/DVPRQ1,restricted_or_error,,,,2026-03-09
10.7910/DVN/EFCP70,restricted_or_error,,,,2026-03-09
10.7910/DVN/DXFC1Z,restricted_or_error,,,,2026-03-09
10.7910/DVN/EJ49IH,restricted_or_error,,,,2026-03-09
10.7910/DVN/EFHTIC,restricted_or_error,,,,2026-03-09
10.7910/DVN/EK74X0,restricted_or_error,,,,2026-03-09
10.7910/DVN/F2HPKI,restricted_or_error,,,,2026-03-09
10.7910/DVN/EPM3RQ,restricted_or_error,,,,2026-03-09
10.7910/DVN/F5W6L0,restricted_or_error,,,,2026-03-09
10.7910/DVN/GEMIO9,restricted_or_error,,,,2026-03-09
10.7910/DVN/GJWWXO,restricted_or_error,,,,2026-03-09
10.7910/DVN/GCSCHH,restricted_or_error,,,,2026-03-09
10.7910/DVN/PQXSDN,restricted_or_error,,,,2026-03-09
10.7910/DVN/PGSDDE,restricted_or_error,,,,2026-03-09
10.7910/DVN/Q1WDRQ,restricted_or_error,,,,2026-03-09
10.7910/DVN/RJK6A1,restricted_or_error,,,,2026-03-09
10.7910/DVN/ROT4BK,restricted_or_error,,,,2026-03-09
10.25346/S6COLLFI,no_publication_field,,,,2026-03-09
10.7910/DVN/RBFVXA,restricted_or_error,,,,2026-03-09
10.7910/DVN/UPS2UH,restricted_or_error,,,,2026-03-09
10.7910/DVN/USJMUK,restricted_or_error,,,,2026-03-09
10.7910/DVN/TVUUNA,restricted_or_error,,,,2026-03-09
10.7910/DVN/WOG9AO,restricted_or_error,,,,2026-03-09
10.7910/DVN/WMB0FV,restricted_or_error,,,,2026-03-09
10.7910/DVN/X9KKQ0,restricted_or_error,,,,2026-03-09
10.7910/DVN/XCFMXF,restricted_or_error,,,,2026-03-09
10.7910/DVN/XJ18YG,restricted_or_error,,,,2026-03-09
10.7910/DVN/XAD7PV,restricted_or_error,,,,2026-03-09
10.7910/DVN/ZT304L,restricted_or_error,,,,2026-03-09
10.7910/DVN/ZLSBUS,restricted_or_error,,,,2026-03-09
10.7910/DVN/ZZMUTR,restricted_or_error,,,,2026-03-09
10.7910/DVN/BJNXVQ,restricted_or_error,,,,2026-03-09
10.7910/DVN/G15WGO,restricted_or_error,,,,2026-03-09
10.7910/DVN/JCQSVO,restricted_or_error,,,,2026-03-09
10.7910/DVN/LYZ13E,restricted_or_error,,,,2026-03-09
10.7910/DVN/PJD8QK,restricted_or_error,,,,2026-03-09
10.7910/DVN/OOTY9P,restricted_or_error,,,,2026-03-09
10.7910/DVN/0I1PYJ,restricted_or_error,,,,2026-03-09
10.7910/DVN/4028HL,restricted_or_error,,,,2026-03-09
10.7910/DVN/3CSQJW,restricted_or_error,,,,2026-03-09
10.7910/DVN/3CRCLC,restricted_or_error,,,,2026-03-09
10.7910/DVN/4I0DII,restricted_or_error,,,,2026-03-09
10.7910/DVN/42ZUDV,restricted_or_error,,,,2026-03-09
10.7910/DVN/4V2ZEN,restricted_or_error,,,,2026-03-09
10.7910/DVN/4SLKRD,restricted_or_error,,,,2026-03-09
10.7910/DVN/6CBVTR,restricted_or_error,,,,2026-03-09
10.7910/DVN/5GPGQA,restricted_or_error,,,,2026-03-09
10.7910/DVN/7E7MKS,restricted_or_error,,,,2026-03-09
10.7910/DVN/7GMJ8F,restricted_or_error,,,,2026-03-09
10.7910/DVN/7E07X8,restricted_or_error,,,,2026-03-09
10.7910/DVN/8DOFZX,restricted_or_error,,,,2026-03-09
10.7910/DVN/80XSLU,restricted_or_error,,,,2026-03-09
10.7910/DVN/7ODEWV,restricted_or_error,,,,2026-03-09
10.7910/DVN/8QG6YX,restricted_or_error,,,,2026-03-09
10.7910/DVN/8MI2NX,restricted_or_error,,,,2026-03-09
10.7910/DVN/8PAZ3U,restricted_or_error,,,,2026-03-09
10.7910/DVN/9TCFBN,restricted_or_error,,,,2026-03-09
10.7910/DVN/9ICS8L,restricted_or_error,,,,2026-03-09
10.7910/DVN/8UZVVW,restricted_or_error,,,,2026-03-09
10.7910/DVN/AA9MOW,restricted_or_error,,,,2026-03-09
10.7910/DVN/A3FXDT,restricted_or_error,,,,2026-03-09
10.7910/DVN/A9UJB7,restricted_or_error,,,,2026-03-09
10.7910/DVN/ACAESF,restricted_or_error,,,,2026-03-09
10.7910/DVN/ABSVDW,restricted_or_error,,,,2026-03-09
10.7910/DVN/AHJLE7,restricted_or_error,,,,2026-03-09
10.7910/DVN/AFV1ZG,restricted_or_error,,,,2026-03-09
10.7910/DVN/AHXOBY,restricted_or_error,,,,2026-03-09
10.7910/DVN/ANNRAS,restricted_or_error,,,,2026-03-09
10.7910/DVN/ASLVOA,restricted_or_error,,,,2026-03-09
10.7910/DVN/B8S7OV,restricted_or_error,,,,2026-03-09
10.7910/DVN/BAXPKS,restricted_or_error,,,,2026-03-09
10.7910/DVN/BFBJES,restricted_or_error,,,,2026-03-09
10.7910/DVN/BI6AAS,restricted_or_error,,,,2026-03-09
10.7910/DVN/BEJHBL,restricted_or_error,,,,2026-03-09
10.7910/DVN/BS8VA9,restricted_or_error,,,,2026-03-09
10.7910/DVN/BSWIAT,restricted_or_error,,,,2026-03-09
10.7910/DVN/BXOXV5,restricted_or_error,,,,2026-03-09
10.7910/DVN/BNZRVG,restricted_or_error,,,,2026-03-09
10.7910/DVN/BWRGLK,restricted_or_error,,,,2026-03-09
10.7910/DVN/BYEAUI,restricted_or_error,,,,2026-03-09
10.7910/DVN/CGOJJ7,restricted_or_error,,,,2026-03-09
10.7910/DVN/CCMG9Q,restricted_or_error,,,,2026-03-09
10.7910/DVN/CBQIUZ,restricted_or_error,,,,2026-03-09
10.7910/DVN/CJQYX7,restricted_or_error,,,,2026-03-09
10.7910/DVN/CHIGN5,restricted_or_error,,,,2026-03-09
10.7910/DVN/CJA9SH,restricted_or_error,,,,2026-03-09
10.7910/DVN/CRKHFN,restricted_or_error,,,,2026-03-09
10.7910/DVN/CNEA4Z,restricted_or_error,,,,2026-03-09
10.7910/DVN/CSBJOP,restricted_or_error,,,,2026-03-09
10.7910/DVN/CQPDYM,restricted_or_error,,,,2026-03-09
10.7910/DVN/D2EHAD,restricted_or_error,,,,2026-03-09
10.7910/DVN/DGZTWE,restricted_or_error,,,,2026-03-09
10.7910/DVN/DBVJY3,restricted_or_error,,,,2026-03-09
10.7910/DVN/DENB86,restricted_or_error,,,,2026-03-09
10.7910/DVN/DG262T,restricted_or_error,,,,2026-03-09
10.7910/DVN/EFLUOY,restricted_or_error,,,,2026-03-09
10.7910/DVN/E3B4L5,restricted_or_error,,,,2026-03-09
10.7910/DVN/DYA1SJ,restricted_or_error,,,,2026-03-09
10.7910/DVN/OBCEDD,restricted_or_error,,,,2026-03-09
10.7910/DVN/NY64KD,restricted_or_error,,,,2026-03-09
10.7910/DVN/OGTIFL,restricted_or_error,,,,2026-03-09
10.7910/DVN/NVP0HK,restricted_or_error,,,,2026-03-09
10.7910/DVN/OJFIBP,restricted_or_error,,,,2026-03-09
10.7910/DVN/OIWQQJ,restricted_or_error,,,,2026-03-09
10.7910/DVN/P3PCGY,restricted_or_error,,,,2026-03-09
10.7910/DVN/P3HZEU,restricted_or_error,,,,2026-03-09
10.7910/DVN/PCMCVT,restricted_or_error,,,,2026-03-09
10.7910/DVN/Q17X3D,restricted_or_error,,,,2026-03-09
10.7910/DVN/QFE05F,restricted_or_error,,,,2026-03-09
10.7910/DVN/QNZGAV,restricted_or_error,,,,2026-03-09
10.7910/DVN/RZ887W,restricted_or_error,,,,2026-03-09
10.7910/DVN/RQOBFS,restricted_or_error,,,,2026-03-09
10.7910/DVN/RUFQAN,restricted_or_error,,,,2026-03-09
10.7910/DVN/TK0GQB,restricted_or_error,,,,2026-03-09
10.7910/DVN/TIDYNI,restricted_or_error,,,,2026-03-09
10.7910/DVN/T7MS9I,restricted_or_error,,,,2026-03-09
10.7910/DVN/UAVYYB,restricted_or_error,,,,2026-03-09
10.7910/DVN/U4BXJJ,restricted_or_error,,,,2026-03-09
10.7910/DVN/UBEWBA,restricted_or_error,,,,2026-03-09
10.7910/DVN/UPUYCG,restricted_or_error,,,,2026-03-09
10.7910/DVN/UM4IW1,restricted_or_error,,,,2026-03-09
10.7910/DVN/UKQC3J,restricted_or_error,,,,2026-03-09
10.7910/DVN/VKY6QX,restricted_or_error,,,,2026-03-09
10.7910/DVN/VOHX9I,restricted_or_error,,,,2026-03-09
10.7910/DVN/VOSFIJ,restricted_or_error,,,,2026-03-09
10.7910/DVN/W9MBAH,restricted_or_error,,,,2026-03-09
10.7910/DVN/WA0G0R,restricted_or_error,,,,2026-03-09
10.7910/DVN/VZCOKN,restricted_or_error,,,,2026-03-09
10.7910/DVN/XHBGSA,restricted_or_error,,,,2026-03-09
10.7910/DVN/XIXGIS,restricted_or_error,,,,2026-03-09
10.7910/DVN/WYF1CE,restricted_or_error,,,,2026-03-09
10.7910/DVN/YDBNMN,restricted_or_error,,,,2026-03-09
10.7910/DVN/YED7VZ,restricted_or_error,,,,2026-03-09
10.7910/DVN/YKZKSI,restricted_or_error,,,,2026-03-09
10.7910/DVN/Z6JXPD,restricted_or_error,,,,2026-03-09
10.7910/DVN/YX1MS5,restricted_or_error,,,,2026-03-09
10.7910/DVN/ZCKXES,restricted_or_error,,,,2026-03-09
10.7910/DVN/3J2CET,restricted_or_error,,,,2026-03-09
10.7910/DVN/5IZTBL,restricted_or_error,,,,2026-03-09
10.7910/DVN/5HTY3X,restricted_or_error,,,,2026-03-09
10.7910/DVN/9YKW9S,restricted_or_error,,,,2026-03-09
10.7910/DVN/9PDB6B,restricted_or_error,,,,2026-03-09
10.7910/DVN/BO4JI1,restricted_or_error,,,,2026-03-09
10.7910/DVN/HJRPNY,restricted_or_error,,,,2026-03-09
10.7910/DVN/FWKKZF,restricted_or_error,,,,2026-03-09
10.7910/DVN/EGNYGS,restricted_or_error,,,,2026-03-09
10.7910/DVN/MUKAC3,restricted_or_error,,,,2026-03-09
10.7910/DVN/NAUD4T,restricted_or_error,,,,2026-03-09
10.7910/DVN/L5VJCX,restricted_or_error,,,,2026-03-09
10.7910/DVN/SPDMLA,restricted_or_error,,,,2026-03-09
10.7910/DVN/SVJ4MQ,restricted_or_error,,,,2026-03-09
10.7910/DVN/SFBF0W,restricted_or_error,,,,2026-03-09
10.7910/DVN/UCPMCC,restricted_or_error,,,,2026-03-09
10.7910/DVN/XT724A,restricted_or_error,,,,2026-03-09
10.7910/DVN/TSCWIF,restricted_or_error,,,,2026-03-09
10.7910/DVN/TSBAZS,restricted_or_error,,,,2026-03-09
10.7910/DVN/YQO5LI,restricted_or_error,,,,2026-03-09
10.7910/DVN/WJGZ8A,restricted_or_error,,,,2026-03-09
10.7910/DVN/33PMXL,restricted_or_error,,,,2026-03-09
10.7910/DVN/6FUSJ6,restricted_or_error,,,,2026-03-09
10.7910/DVN/47ZPCT,restricted_or_error,,,,2026-03-09
10.7910/DVN/6LFYAU,restricted_or_error,,,,2026-03-09
10.7910/DVN/AINECI,restricted_or_error,,,,2026-03-09
10.7910/DVN/AACBLL,restricted_or_error,,,,2026-03-09
10.7910/DVN/A0HGQW,restricted_or_error,,,,2026-03-09
10.7910/DVN/A2MNUC,restricted_or_error,,,,2026-03-09
10.7910/DVN/D1NDDL,restricted_or_error,,,,2026-03-09
10.7910/DVN/DWCKSD,restricted_or_error,,,,2026-03-09
10.7910/DVN/DZB0PT,restricted_or_error,,,,2026-03-09
10.7910/DVN/4GLIHG,restricted_or_error,,,,2026-03-09
10.7910/DVN/3VQR7T,restricted_or_error,,,,2026-03-09
10.7910/DVN/2HVECF,restricted_or_error,,,,2026-03-09
10.7910/DVN/5XAQ1L,restricted_or_error,,,,2026-03-09
10.7910/DVN/5ZTUMU,restricted_or_error,,,,2026-03-09
10.7910/DVN/6OKQKV,restricted_or_error,,,,2026-03-09
10.7910/DVN/7XI8GN,restricted_or_error,,,,2026-03-09
10.7910/DVN/8OEUUU,restricted_or_error,,,,2026-03-09
10.7910/DVN/7M77IO,restricted_or_error,,,,2026-03-09
10.7910/DVN/GUPQYK,restricted_or_error,,,,2026-03-09
10.7910/DVN/H2ZC5O,restricted_or_error,,,,2026-03-09
10.7910/DVN/GSHSOC,restricted_or_error,,,,2026-03-09
10.7910/DVN/IBHMLB,restricted_or_error,,,,2026-03-09
10.7910/DVN/HSYIXH,restricted_or_error,,,,2026-03-09
10.7910/DVN/HFRR9J,restricted_or_error,,,,2026-03-09
10.7910/DVN/IMG8A2,restricted_or_error,,,,2026-03-09
10.7910/DVN/JBCFCH,restricted_or_error,,,,2026-03-09
10.7910/DVN/JE32QU,restricted_or_error,,,,2026-03-09
10.7910/DVN/JOTOOS,restricted_or_error,,,,2026-03-09
10.7910/DVN/KGKPS0,restricted_or_error,,,,2026-03-09
10.7910/DVN/JSZ7QL,restricted_or_error,,,,2026-03-09
10.7910/DVN/KWJIBG,restricted_or_error,,,,2026-03-09
10.7910/DVN/LNGLI2,restricted_or_error,,,,2026-03-09
10.7910/DVN/LQ5WPT,restricted_or_error,,,,2026-03-09
10.7910/DVN/LQQWIJ,restricted_or_error,,,,2026-03-09
10.7910/DVN/NHGK9Q,restricted_or_error,,,,2026-03-09
10.7910/DVN/OET4DH,restricted_or_error,,,,2026-03-09
10.7910/DVN/NZXQVC,restricted_or_error,,,,2026-03-09
10.7910/DVN/NLU7SO,restricted_or_error,,,,2026-03-09
10.7910/DVN/MV43IR,restricted_or_error,,,,2026-03-09
10.7910/DVN/R6X9VP,restricted_or_error,,,,2026-03-09
10.7910/DVN/QXAQXS,restricted_or_error,,,,2026-03-09
10.7910/DVN/QOMWMC,restricted_or_error,,,,2026-03-09
10.7910/DVN/TGXT7M,restricted_or_error,,,,2026-03-09
10.7910/DVN/TNPQY7,restricted_or_error,,,,2026-03-09
10.7910/DVN/VINXQO,restricted_or_error,,,,2026-03-09
10.7910/DVN/T24J2O,restricted_or_error,,,,2026-03-09
10.7910/DVN/VJEMJM,restricted_or_error,,,,2026-03-09
10.7910/DVN/Y8VTJI,restricted_or_error,,,,2026-03-09
10.7910/DVN/VUH1SO,restricted_or_error,,,,2026-03-09
10.7910/DVN/YKT9V4,restricted_or_error,,,,2026-03-09
10.7910/DVN/ZEYSBE,restricted_or_error,,,,2026-03-09
10.7910/DVN/7I1BZM,restricted_or_error,,,,2026-03-09
10.7910/DVN/43YFRA,restricted_or_error,,,,2026-03-09
10.7910/DVN/9EOQVT,restricted_or_error,,,,2026-03-09
10.7910/DVN/ASO9VB,restricted_or_error,,,,2026-03-09
10.7910/DVN/BTOWZI,restricted_or_error,,,,2026-03-09
10.7910/DVN/BMRBUG,restricted_or_error,,,,2026-03-09
10.7910/DVN/E8ISMC,restricted_or_error,,,,2026-03-09
10.7910/DVN/DCPYJP,restricted_or_error,,,,2026-03-09
10.7910/DVN/GBHYFB,restricted_or_error,,,,2026-03-09
10.7910/DVN/JS9NP1,restricted_or_error,,,,2026-03-09
10.7910/DVN/JTYC6I,restricted_or_error,,,,2026-03-09
10.7910/DVN/I1BZH6,restricted_or_error,,,,2026-03-09
10.7910/DVN/LSCVKV,restricted_or_error,,,,2026-03-09
10.7910/DVN/LEPAF5,restricted_or_error,,,,2026-03-09
10.7910/DVN/LRROMK,restricted_or_error,,,,2026-03-09
10.7910/DVN/M1373,restricted_or_error,,,,2026-03-09
10.7910/DVN/NMH8OF,restricted_or_error,,,,2026-03-09
10.7910/DVN/P2C4RR,restricted_or_error,,,,2026-03-09
10.7910/DVN/MIBVDE,restricted_or_error,,,,2026-03-09
10.7910/DVN/NUGHGU,restricted_or_error,,,,2026-03-09
10.7910/DVN/OZOANY,restricted_or_error,,,,2026-03-09
10.7910/DVN/RBWAAI,restricted_or_error,,,,2026-03-09
10.7910/DVN/SXKJKT,restricted_or_error,,,,2026-03-09
10.7910/DVN/REEVL7,restricted_or_error,,,,2026-03-09
10.7910/DVN/VPVMCL,restricted_or_error,,,,2026-03-09
10.7910/DVN/TGLDUW,restricted_or_error,,,,2026-03-09
10.7910/DVN/XL9EOA,restricted_or_error,,,,2026-03-09
10.7910/DVN/TDX6MM,restricted_or_error,,,,2026-03-09
10.7910/DVN/0C819N,restricted_or_error,,,,2026-03-09
10.7910/DVN/0CLEEY,restricted_or_error,,,,2026-03-09
10.7910/DVN/2Y99KH,restricted_or_error,,,,2026-03-09
10.7910/DVN/2EYXFM,restricted_or_error,,,,2026-03-09
10.7910/DVN/5SIZXY,restricted_or_error,,,,2026-03-09
10.7910/DVN/1OINIU,restricted_or_error,,,,2026-03-09
10.7910/DVN/8ZKH8E,restricted_or_error,,,,2026-03-09
10.7910/DVN/8LMFAQ,restricted_or_error,,,,2026-03-09
10.7910/DVN/9KJ2A9,restricted_or_error,,,,2026-03-09
10.7910/DVN/9MKISZ,restricted_or_error,,,,2026-03-09
10.7910/DVN/BBIGCQ,restricted_or_error,,,,2026-03-09
10.7910/DVN/DD3J8X,restricted_or_error,,,,2026-03-09
10.7910/DVN/COKPRO,restricted_or_error,,,,2026-03-09
10.7910/DVN/CXE9UG,restricted_or_error,,,,2026-03-09
10.7910/DVN/EIMLS1,restricted_or_error,,,,2026-03-09
10.7910/DVN/EUHRSR,restricted_or_error,,,,2026-03-09
10.7910/DVN/HIMETC,restricted_or_error,,,,2026-03-09
10.7910/DVN/ESCNAO,restricted_or_error,,,,2026-03-09
10.7910/DVN/GLJAIT,restricted_or_error,,,,2026-03-09
10.7910/DVN/IKOIVG,restricted_or_error,,,,2026-03-09
10.7910/DVN/M4IQDA,restricted_or_error,,,,2026-03-09
10.7910/DVN/MQCHPM,restricted_or_error,,,,2026-03-09
10.7910/DVN/KEWEDX,restricted_or_error,,,,2026-03-09
10.7910/DVN/JEHREZ,restricted_or_error,,,,2026-03-09
10.7910/DVN/QFA8IS,restricted_or_error,,,,2026-03-09
10.7910/DVN/NFEEO3,restricted_or_error,,,,2026-03-09
10.7910/DVN/QLH6JL,restricted_or_error,,,,2026-03-09
10.7910/DVN/TIC7C8,restricted_or_error,,,,2026-03-09
10.7910/DVN/R4REOW,restricted_or_error,,,,2026-03-09
10.7910/DVN/VFV0OD,restricted_or_error,,,,2026-03-09
10.7910/DVN/UAYOAQ,restricted_or_error,,,,2026-03-09
10.7910/DVN/UTUWAI,restricted_or_error,,,,2026-03-09
10.7910/DVN/XLHGWS,restricted_or_error,,,,2026-03-09
10.7910/DVN/VPSXME,restricted_or_error,,,,2026-03-09
10.7910/DVN/YZZEVM,restricted_or_error,,,,2026-03-09
10.7910/DVN/ZH6KCV,restricted_or_error,,,,2026-03-09
10.7910/DVN/ZGKZUL,restricted_or_error,,,,2026-03-09
10.7910/DVN/ECFSVK,restricted_or_error,,,,2026-03-09
10.7910/DVN/884WEN,restricted_or_error,,,,2026-03-09
10.7910/DVN/EGR1FB,restricted_or_error,,,,2026-03-09
10.7910/DVN/M1374,restricted_or_error,,,,2026-03-09
10.7910/DVN/POOZAY,restricted_or_error,,,,2026-03-09
10.7910/DVN/YT09KD,restricted_or_error,,,,2026-03-09
10.7910/DVN/PXXC4H,restricted_or_error,,,,2026-03-09
10.7910/DVN/URVEJ9,restricted_or_error,,,,2026-03-09
10.7910/DVN/CJCZ87,restricted_or_error,,,,2026-03-09
10.7910/DVN/VXQSRT,restricted_or_error,,,,2026-03-09
10.7910/DVN/7VQK4X,restricted_or_error,,,,2026-03-09
10.7910/DVN/9FPFU3,restricted_or_error,,,,2026-03-09
10.7910/DVN/JB4OLK,restricted_or_error,,,,2026-03-09
10.7910/DVN/DWW6LL,restricted_or_error,,,,2026-03-09
10.7910/DVN/DAZOST,restricted_or_error,,,,2026-03-09
10.7910/DVN/MOXRVT,restricted_or_error,,,,2026-03-09
10.7910/DVN/JH9UXH,restricted_or_error,,,,2026-03-09
10.7910/DVN/PHIGEZ,restricted_or_error,,,,2026-03-09
10.7910/DVN/QAWUV5,restricted_or_error,,,,2026-03-09
10.7910/DVN/PKCOCI,restricted_or_error,,,,2026-03-09
10.7910/DVN/V0NZO0,restricted_or_error,,,,2026-03-09
10.7910/DVN/3PPAIE,restricted_or_error,,,,2026-03-09
10.7910/DVN/00KDYS,restricted_or_error,,,,2026-03-09
10.7910/DVN/48LUAS,restricted_or_error,,,,2026-03-09
10.7910/DVN/7LGVPD,restricted_or_error,,,,2026-03-09
10.7910/DVN/BGYLYD,restricted_or_error,,,,2026-03-09
10.7910/DVN/FFHT5V,restricted_or_error,,,,2026-03-09
10.7910/DVN/MVAXNX,restricted_or_error,,,,2026-03-09
10.7910/DVN/DINSIP,restricted_or_error,,,,2026-03-09
10.7910/DVN/PKC6RU,restricted_or_error,,,,2026-03-09
10.7910/DVN/TPYKEW,restricted_or_error,,,,2026-03-09
10.7910/DVN/VONINO,restricted_or_error,,,,2026-03-09
10.7910/DVN/H7OI9K,restricted_or_error,,,,2026-03-09
10.7910/DVN/9XOXBH,restricted_or_error,,,,2026-03-09
10.7910/DVN/FX4PKT,restricted_or_error,,,,2026-03-09
10.7910/DVN/LVPUUG,restricted_or_error,,,,2026-03-09
10.7910/DVN/UPHHSS,restricted_or_error,,,,2026-03-09
10.7910/DVN/RTPM7E,restricted_or_error,,,,2026-03-09
10.7910/DVN/P43R1S,restricted_or_error,,,,2026-03-09
10.7910/DVN/ZAPJGR,restricted_or_error,,,,2026-03-09
10.7910/DVN/Y16T4I,restricted_or_error,,,,2026-03-09
10.7910/DVN/Z2PWDQ,restricted_or_error,,,,2026-03-09
10.7910/DVN/8L55OV,restricted_or_error,,,,2026-03-09
10.7910/DVN/8ZAFXS,restricted_or_error,,,,2026-03-09
10.7910/DVN/JMQXVQ,restricted_or_error,,,,2026-03-09
10.7910/DVN/ERBEC2,restricted_or_error,,,,2026-03-09
10.7910/DVN/KJMKQR,restricted_or_error,,,,2026-03-09
10.7910/DVN/OREU0W,restricted_or_error,,,,2026-03-09
10.7910/DVN/PEIUAJ,restricted_or_error,,,,2026-03-09
10.7910/DVN/3M6J2L,restricted_or_error,,,,2026-03-09
10.7910/DVN/WBFLVZ,restricted_or_error,,,,2026-03-09
10.7910/DVN/UBDMR6,restricted_or_error,,,,2026-03-09
10.7910/DVN/DH9V3C,restricted_or_error,,,,2026-03-09
10.7910/DVN/P5OGQJ,restricted_or_error,,,,2026-03-09
10.7910/DVN/YGGF3H,restricted_or_error,,,,2026-03-09
10.7910/DVN/GGMCVV,restricted_or_error,,,,2026-03-09
10.7910/DVN/RI7DHI,restricted_or_error,,,,2026-03-09
10.7910/DVN/DZN4MN,restricted_or_error,,,,2026-03-09
10.7910/DVN/WBAULO,restricted_or_error,,,,2026-03-09
10.7910/DVN/7KLLMQ,restricted_or_error,,,,2026-03-09
10.7910/DVN/AJBUU4,restricted_or_error,,,,2026-03-09
10.7910/DVN/LA2T8A,restricted_or_error,,,,2026-03-09
10.7910/DVN/HXYYHR,restricted_or_error,,,,2026-03-09
10.7910/DVN/N0CRFO,restricted_or_error,,,,2026-03-09
10.7910/DVN/BLUWZQ,restricted_or_error,,,,2026-03-09
10.7910/DVN/QAF2FS,restricted_or_error,,,,2026-03-09
10.7910/DVN/E8FSYX,restricted_or_error,,,,2026-03-09
10.7910/DVN/DFICJG,restricted_or_error,,,,2026-03-09
10.7910/DVN/FKGU0L,restricted_or_error,,,,2026-03-09
10.7910/DVN/GF5AJZ,restricted_or_error,,,,2026-03-09
10.7910/DVN/GEACOG,restricted_or_error,,,,2026-03-09
10.7910/DVN/VGS6OA,restricted_or_error,,,,2026-03-09
10.7910/DVN/AECTVS,restricted_or_error,,,,2026-03-09
10.7910/DVN/IBWZHM,restricted_or_error,,,,2026-03-09
10.7910/DVN/SRVIO4,restricted_or_error,,,,2026-03-09
10.7910/DVN/VAHUGU,restricted_or_error,,,,2026-03-09
10.7910/DVN/T2VX6K,restricted_or_error,,,,2026-03-09
10.7910/DVN/4D9NIX,restricted_or_error,,,,2026-03-09
10.7910/DVN/MSM3UL,restricted_or_error,,,,2026-03-09
10.7910/DVN/TKSKOR,restricted_or_error,,,,2026-03-09
10.7910/DVN/MOHJSP,restricted_or_error,,,,2026-03-09
10.7910/DVN/ZJWKWK,restricted_or_error,,,,2026-03-09
10.7910/DVN/XYUDDX,restricted_or_error,,,,2026-03-09
10.7910/DVN/78R9XU,restricted_or_error,,,,2026-03-09
10.7910/DVN/JW77X1,restricted_or_error,,,,2026-03-09
10.7910/DVN/4PG2KO,restricted_or_error,,,,2026-03-09
10.7910/DVN/MOG4CD,restricted_or_error,,,,2026-03-09
10.7910/DVN/42OKFG,restricted_or_error,,,,2026-03-09
10.7910/DVN/8GE28O,restricted_or_error,,,,2026-03-09
10.7910/DVN/KMKORJ,restricted_or_error,,,,2026-03-09
10.7910/DVN/1GB2UW,restricted_or_error,,,,2026-03-09
10.7910/DVN/LNONRP,restricted_or_error,,,,2026-03-09
10.7910/DVN/GQBTBU,restricted_or_error,,,,2026-03-09
10.7910/DVN/CHSQJL,restricted_or_error,,,,2026-03-09
10.7910/DVN/2ITNEM,restricted_or_error,,,,2026-03-09
10.7910/DVN/VJN6L1,restricted_or_error,,,,2026-03-09
10.7910/DVN/TAQJ6A,restricted_or_error,,,,2026-03-09
10.7910/DVN/RLDL9Q,restricted_or_error,,,,2026-03-09
10.7910/DVN/JXAWXX,restricted_or_error,,,,2026-03-09
10.7910/DVN/XNWZKD,restricted_or_error,,,,2026-03-09
10.7910/DVN/0FMEMB,restricted_or_error,,,,2026-03-09
10.7910/DVN/8EJRLF,restricted_or_error,,,,2026-03-09
10.7910/DVN/2LHIVQ,restricted_or_error,,,,2026-03-09
10.7910/DVN/KNJWNS,restricted_or_error,,,,2026-03-09
10.7910/DVN/A5P9FR,restricted_or_error,,,,2026-03-09
10.7910/DVN/8SEDYN,restricted_or_error,,,,2026-03-09
10.7910/DVN/7UHS9H,restricted_or_error,,,,2026-03-09
10.7910/DVN/F79GYB,restricted_or_error,,,,2026-03-09
10.7910/DVN/ZZPLC0,restricted_or_error,,,,2026-03-09
10.7910/DVN/KKUJWW,restricted_or_error,,,,2026-03-09
10.7910/DVN/SKAIMZ,restricted_or_error,,,,2026-03-09
10.7910/DVN/M018V1,restricted_or_error,,,,2026-03-09
10.7910/DVN/YAMAKG,restricted_or_error,,,,2026-03-09
