department,records
Public Affairs,47
Ecology and Evolutionary Biology,31
History,31
Digital Humanities,22
"Molecular, Cell, and Developmental Biology",22
Communications,18
Economics,17
Urban and Regional Planning,16
Political Science,15
Information Studies,13
Institute of the Environment and Sustainability,13
Health Policy and Management,12
Luskin School of Public Affairs,11
Chemistry,10
David Geffen School of Medicine,10
Public Health,10
Carceral Ecologies,9
Education,9
Environmental Science & Engineering,8
Neuroscience,8
Psychology,8
Communication,7
Geography,7
Medicine,7
Public Policy,7
Asian Studies,6
Musicology,6
Society and Genetics,6
Spanish and Portuguese,6
Anderson School of Management,5
Gender Studies,5
Labor Studies,5
Statistics and Data Science,5
Other departments (each fewer than 5),119
