project_org,project_number,project_name,item_id,title,status,content_type,content_url,repository,assignees,labels,export_date
UC-OSPO-Network,1,Sloan Project Goals,PVTI_lADOCc8aZM4Ae7YTzgSIx0c,Level Categorization,Done,Issue,https://github.com/UC-OSPO-Network/education/issues/5,https://github.com/UC-OSPO-Network/education,,,2026-03-09
UC-OSPO-Network,1,Sloan Project Goals,PVTI_lADOCc8aZM4Ae7YTzgSvk8o,Look into paying authors for lesson development,Up Next,Issue,https://github.com/UC-OSPO-Network/education/issues/11,https://github.com/UC-OSPO-Network/education,,,2026-03-09
UC-OSPO-Network,1,Sloan Project Goals,PVTI_lADOCc8aZM4Ae7YTzgSIxxs,Create a Curriculum Map or Paths,Up Next,Issue,https://github.com/UC-OSPO-Network/education/issues/4,https://github.com/UC-OSPO-Network/education,,,2026-03-09
UC-OSPO-Network,1,Sloan Project Goals,PVTI_lADOCc8aZM4Ae7YTzgRgmTw,Identify UC OSPO Target Audiences,Done,Issue,https://github.com/UC-OSPO-Network/ucospo.net/issues/18,https://github.com/UC-OSPO-Network/ucospo.net,,,2026-03-09
UC-OSPO-Network,1,Sloan Project Goals,PVTI_lADOCc8aZM4Ae7YTzgP8Avs,Hire a community manager,Done,Issue,https://github.com/UC-OSPO-Network/ucospo.net/issues/7,https://github.com/UC-OSPO-Network/ucospo.net,,,2026-03-09
UC-OSPO-Network,1,Sloan Project Goals,PVTI_lADOCc8aZM4Ae7YTzgQJxmM,Define containerization service,Done,DraftIssue,,,,,2026-03-09
UC-OSPO-Network,1,Sloan Project Goals,PVTI_lADOCc8aZM4Ae7YTzgP6UA0,Plan Hacktoberfest activities for UCSC,Done,Issue,https://github.com/UC-OSPO-Network/ucospo.net/issues/5,https://github.com/UC-OSPO-Network/ucospo.net,,,2026-03-09
UC-OSPO-Network,1,Sloan Project Goals,PVTI_lADOCc8aZM4Ae7YTzgRMckw,Inventory Existing Modules,Done,Issue,https://github.com/UC-OSPO-Network/ucospo.net/issues/9,https://github.com/UC-OSPO-Network/ucospo.net,,,2026-03-09
UC-OSPO-Network,1,Sloan Project Goals,PVTI_lADOCc8aZM4Ae7YTzgRMcTA,Create audience profiles,Done,Issue,https://github.com/UC-OSPO-Network/ucospo.net/issues/10,https://github.com/UC-OSPO-Network/ucospo.net,,,2026-03-09
UC-OSPO-Network,1,Sloan Project Goals,PVTI_lADOCc8aZM4Ae7YTzgSIyBI,Backward Design,Done,Issue,https://github.com/UC-OSPO-Network/education/issues/6,https://github.com/UC-OSPO-Network/education,,,2026-03-09
UC-OSPO-Network,1,Sloan Project Goals,PVTI_lADOCc8aZM4Ae7YTzgSIxW0,Curriculum/lesson types,Done,Issue,https://github.com/UC-OSPO-Network/education/issues/1,https://github.com/UC-OSPO-Network/education,,,2026-03-09
UC-OSPO-Network,1,Sloan Project Goals,PVTI_lADOCc8aZM4Ae7YTzgSIxhQ,Benchmark Modules,Done,Issue,https://github.com/UC-OSPO-Network/education/issues/2,https://github.com/UC-OSPO-Network/education,,,2026-03-09
UC-OSPO-Network,1,Sloan Project Goals,PVTI_lADOCc8aZM4Ae7YTzgP6P3Y,Hire graduate student to support ORB and Sustainability activites,Done,Issue,https://github.com/UC-OSPO-Network/ucospo.net/issues/2,https://github.com/UC-OSPO-Network/ucospo.net,,,2026-03-09
UC-OSPO-Network,1,Sloan Project Goals,PVTI_lADOCc8aZM4Ae7YTzgTZ47s,Identify campus participants,Todo,DraftIssue,,,,,2026-03-09
UC-OSPO-Network,1,Sloan Project Goals,PVTI_lADOCc8aZM4Ae7YTzgTZ4wA,Identify campus participants,Done,Issue,https://github.com/UC-OSPO-Network/ucospo.net/issues/22,https://github.com/UC-OSPO-Network/ucospo.net,,,2026-03-09
UC-OSPO-Network,1,Sloan Project Goals,PVTI_lADOCc8aZM4Ae7YTzgP6Rvk,Plan UC OSPO Symposium,Done,Issue,https://github.com/UC-OSPO-Network/ucospo.net/issues/4,https://github.com/UC-OSPO-Network/ucospo.net,,,2026-03-09
UC-OSPO-Network,1,Sloan Project Goals,PVTI_lADOCc8aZM4Ae7YTzgSIxoE,Identify Gaps,Done,Issue,https://github.com/UC-OSPO-Network/education/issues/3,https://github.com/UC-OSPO-Network/education,,,2026-03-09
UC-OSPO-Network,1,Sloan Project Goals,PVTI_lADOCc8aZM4Ae7YTzgSIyJM,Identify and fill in the most impactful gaps,Done,Issue,https://github.com/UC-OSPO-Network/education/issues/7,https://github.com/UC-OSPO-Network/education,,,2026-03-09
UC-OSPO-Network,1,Sloan Project Goals,PVTI_lADOCc8aZM4Ae7YTzgTZ5o0,Define gitsurvey of OSS contributions for each campus (replicate UCSD process),Done,Issue,https://github.com/UC-OSPO-Network/ucospo.net/issues/23,https://github.com/UC-OSPO-Network/ucospo.net,,,2026-03-09
UC-OSPO-Network,1,Sloan Project Goals,PVTI_lADOCc8aZM4Ae7YTzgP6Q6c,Recruit postdoc to engage with Discovery and Sustainability activities,Done,Issue,https://github.com/UC-OSPO-Network/ucospo.net/issues/3,https://github.com/UC-OSPO-Network/ucospo.net,,,2026-03-09
UC-OSPO-Network,1,Sloan Project Goals,PVTI_lADOCc8aZM4Ae7YTzgTZ6Rs,Conduct survey of Git contributions and build database for all campuses,Done,Issue,https://github.com/UC-OSPO-Network/ucospo.net/issues/24,https://github.com/UC-OSPO-Network/ucospo.net,,,2026-03-09
UC-OSPO-Network,1,Sloan Project Goals,PVTI_lADOCc8aZM4Ae7YTzgQMLkk,Launch pilot containerization service,In Progress,DraftIssue,,,,,2026-03-09
UC-OSPO-Network,1,Sloan Project Goals,PVTI_lADOCc8aZM4Ae7YTzgSIyNk,Engage Stakeholders,Done,Issue,https://github.com/UC-OSPO-Network/education/issues/8,https://github.com/UC-OSPO-Network/education,,,2026-03-09
UC-OSPO-Network,1,Sloan Project Goals,PVTI_lADOCc8aZM4Ae7YTzgSIyQE,Collaborative Lesson Development Training,Todo,Issue,https://github.com/UC-OSPO-Network/education/issues/9,https://github.com/UC-OSPO-Network/education,,,2026-03-09
UC-OSPO-Network,1,Sloan Project Goals,PVTI_lADOCc8aZM4Ae7YTzgSIySw,Incentivize lesson development,Done,Issue,https://github.com/UC-OSPO-Network/education/issues/10,https://github.com/UC-OSPO-Network/education,,,2026-03-09
UC-OSPO-Network,1,Sloan Project Goals,PVTI_lADOCc8aZM4Ae7YTzgiNuPU,Feat: Build Filterable Lesson Library Page (/lessons),Done,Issue,https://github.com/UC-OSPO-Network/education/issues/22,https://github.com/UC-OSPO-Network/education,,,2026-03-09
UC-OSPO-Network,1,Sloan Project Goals,PVTI_lADOCc8aZM4Ae7YTzgiNuKc,Refactor: Replace Folder.jsx with Folder.astro,Done,Issue,https://github.com/UC-OSPO-Network/education/issues/19,https://github.com/UC-OSPO-Network/education,,,2026-03-09
UC-OSPO-Network,1,Sloan Project Goals,PVTI_lADOCc8aZM4Ae7YTzgiNuN4,"Feat: Implement ""Two Pathways"" Homepage UI",Done,Issue,https://github.com/UC-OSPO-Network/education/issues/21,https://github.com/UC-OSPO-Network/education,,,2026-03-09
UC-OSPO-Network,1,Sloan Project Goals,PVTI_lADOCc8aZM4Ae7YTzgiNuL8,Design: Implement UC Branding (Blue/Gold/White),Done,Issue,https://github.com/UC-OSPO-Network/education/issues/20,https://github.com/UC-OSPO-Network/education,,,2026-03-09
UC-OSPO-Network,1,Sloan Project Goals,PVTI_lADOCc8aZM4Ae7YTzgTIr8o,Work on some resources/lesson(s) around licensing,Todo,Issue,https://github.com/UC-OSPO-Network/education/issues/15,https://github.com/UC-OSPO-Network/education,,,2026-03-09
UC-OSPO-Network,1,Sloan Project Goals,PVTI_lADOCc8aZM4Ae7YTzgjBBnY,DATA: Add subTopic to all 'Keep candidate' lessons,,Issue,https://github.com/UC-OSPO-Network/education/issues/23,https://github.com/UC-OSPO-Network/education,,,2026-03-09
UC-OSPO-Network,1,Sloan Project Goals,PVTI_lADOCc8aZM4Ae7YTzgjBBq0,DATA: Write missing descriptions for lessons,,Issue,https://github.com/UC-OSPO-Network/education/issues/24,https://github.com/UC-OSPO-Network/education,,,2026-03-09
UC-OSPO-Network,1,Sloan Project Goals,PVTI_lADOCc8aZM4Ae7YTzgjBBtg,DATA: Assign learnerCategory to orphaned lessons,In Progress,Issue,https://github.com/UC-OSPO-Network/education/issues/25,https://github.com/UC-OSPO-Network/education,,,2026-03-09
UC-OSPO-Network,1,Sloan Project Goals,PVTI_lADOCc8aZM4Ae7YTzgjBBxY,CONTENT: Find 5-7 'Getting Started' lessons,In Progress,Issue,https://github.com/UC-OSPO-Network/education/issues/26,https://github.com/UC-OSPO-Network/education,,,2026-03-09
UC-OSPO-Network,1,Sloan Project Goals,PVTI_lADOCc8aZM4Ae7YTzgjBB_M,CODE QUALITY: Add error handling and loading states,Done,Issue,https://github.com/UC-OSPO-Network/education/issues/27,https://github.com/UC-OSPO-Network/education,,,2026-03-09
UC-OSPO-Network,1,Sloan Project Goals,PVTI_lADOCc8aZM4Ae7YTzgjBCCE,FEATURE: Create individual lesson detail pages,Done,Issue,https://github.com/UC-OSPO-Network/education/issues/28,https://github.com/UC-OSPO-Network/education,,,2026-03-09
UC-OSPO-Network,1,Sloan Project Goals,PVTI_lADOCc8aZM4Ae7YTzgjBCCI,FEATURE: Implement GitHub Issues-based feedback system,,Issue,https://github.com/UC-OSPO-Network/education/issues/29,https://github.com/UC-OSPO-Network/education,,,2026-03-09
UC-OSPO-Network,1,Sloan Project Goals,PVTI_lADOCc8aZM4Ae7YTzgjBCCM,FEATURE: Design and implement visual pathway roadmaps,,Issue,https://github.com/UC-OSPO-Network/education/issues/30,https://github.com/UC-OSPO-Network/education,,,2026-03-09
UC-OSPO-Network,1,Sloan Project Goals,PVTI_lADOCc8aZM4Ae7YTzgjBCCU,ENHANCEMENT: Improve search with fuzzy matching,Done,Issue,https://github.com/UC-OSPO-Network/education/issues/31,https://github.com/UC-OSPO-Network/education,,,2026-03-09
UC-OSPO-Network,1,Sloan Project Goals,PVTI_lADOCc8aZM4Ae7YTzgjBCCg,TESTING: Conduct WCAG 2.1 AA accessibility audit and fixes,Done,Issue,https://github.com/UC-OSPO-Network/education/issues/32,https://github.com/UC-OSPO-Network/education,,,2026-03-09
UC-OSPO-Network,1,Sloan Project Goals,PVTI_lADOCc8aZM4Ae7YTzgjBCCo,ENHANCEMENT: Add domain-specific and lifecycle status filters,,Issue,https://github.com/UC-OSPO-Network/education/issues/33,https://github.com/UC-OSPO-Network/education,,,2026-03-09
UC-OSPO-Network,1,Sloan Project Goals,PVTI_lADOCc8aZM4Ae7YTzgjBCCw,CODE QUALITY: Add TypeScript types and improve type safety,Done,Issue,https://github.com/UC-OSPO-Network/education/issues/34,https://github.com/UC-OSPO-Network/education,,,2026-03-09
UC-OSPO-Network,1,Sloan Project Goals,PVTI_lADOCc8aZM4Ae7YTzgjBLgk,INFRASTRUCTURE: Integrate education site with main ucospo.net domain,,Issue,https://github.com/UC-OSPO-Network/education/issues/35,https://github.com/UC-OSPO-Network/education,,,2026-03-09
UC-OSPO-Network,1,Sloan Project Goals,PVTI_lADOCc8aZM4Ae7YTzgj6dnk,MIGRATION: Set up Keystatic CMS for content management,Done,Issue,https://github.com/UC-OSPO-Network/education/issues/40,https://github.com/UC-OSPO-Network/education,,,2026-03-09
UC-OSPO-Network,1,Sloan Project Goals,PVTI_lADOCc8aZM4Ae7YTzgj6dn4,MIGRATION: Set up Astro content collections with lesson singletons,Done,Issue,https://github.com/UC-OSPO-Network/education/issues/41,https://github.com/UC-OSPO-Network/education,,,2026-03-09
UC-OSPO-Network,1,Sloan Project Goals,PVTI_lADOCc8aZM4Ae7YTzgj6duU,MIGRATION: Create data migration script (CSV → JSON singletons),Done,Issue,https://github.com/UC-OSPO-Network/education/issues/42,https://github.com/UC-OSPO-Network/education,,,2026-03-09
UC-OSPO-Network,1,Sloan Project Goals,PVTI_lADOCc8aZM4Ae7YTzgj6duk,MIGRATION: Update application code to use content collections,Done,Issue,https://github.com/UC-OSPO-Network/education/issues/43,https://github.com/UC-OSPO-Network/education,,,2026-03-09
UC-OSPO-Network,1,Sloan Project Goals,PVTI_lADOCc8aZM4Ae7YTzgj6dyI,MIGRATION: Configure Keystatic to edit lesson singletons,Done,Issue,https://github.com/UC-OSPO-Network/education/issues/44,https://github.com/UC-OSPO-Network/education,,,2026-03-09
UC-OSPO-Network,1,Sloan Project Goals,PVTI_lADOCc8aZM4Ae7YTzgj6d0Q,CI/CD: Add lesson validation checks to PR workflow,Done,Issue,https://github.com/UC-OSPO-Network/education/issues/45,https://github.com/UC-OSPO-Network/education,,,2026-03-09
UC-OSPO-Network,1,Sloan Project Goals,PVTI_lADOCc8aZM4Ae7YTzgj6d3w,TOOLING: Google Sheets ↔ JSON content collection diff and audit tool,Done,Issue,https://github.com/UC-OSPO-Network/education/issues/46,https://github.com/UC-OSPO-Network/education,,,2026-03-09
UC-OSPO-Network,1,Sloan Project Goals,PVTI_lADOCc8aZM4Ae7YTzgj6d7I,EPIC: Migrate from Google Sheets to Keystatic + Content Collections,Done,Issue,https://github.com/UC-OSPO-Network/education/issues/47,https://github.com/UC-OSPO-Network/education,,,2026-03-09
UC-OSPO-Network,1,Sloan Project Goals,PVTI_lADOCc8aZM4Ae7YTzgj6l5A,MIGRATION: Convert dependencies from numeric IDs to slug-based references,Done,Issue,https://github.com/UC-OSPO-Network/education/issues/48,https://github.com/UC-OSPO-Network/education,,,2026-03-09
UC-OSPO-Network,1,Sloan Project Goals,PVTI_lADOCc8aZM4Ae7YTzgj6mok,DATA: Standardize learningResourceType using controlled vocabulary,,Issue,https://github.com/UC-OSPO-Network/education/issues/49,https://github.com/UC-OSPO-Network/education,,,2026-03-09
UC-OSPO-Network,1,Sloan Project Goals,PVTI_lADOCc8aZM4Ae7YTzgj6mr8,DATA: Standardize audience to canonical personas,Done,Issue,https://github.com/UC-OSPO-Network/education/issues/50,https://github.com/UC-OSPO-Network/education,,,2026-03-09
